SKU,"PRODUCT NAME",CATEGORY,"PRICE (INR)"
NEWACC00005,"Dell 65Watt Adapter",Accessories,850
NEWACC00006,"Dell 90Watt Adapter",Accessories,1250
NEWACC00004,"Dell Inspiron / Vostro / Latitude - 6 Cell Battery",Accessories,3100
NEWACC00003,"Dell Inspiron 14R/15R 6Cell Battery",Accessories,2000
QCNBBG00271,"DELL LATITUDE E4310(CORE I5 M520 2.40GHZ/4GB/250GB/NO WEBCAM/13.3""/WIN-10 HOME)(GRADE B)","Pre-Owned Laptops Grade B",12750
QCNBBG00036,"DELL LATITUDE E5420(Core i5 2430M 2.40GHz/2GB/250GB/NO WEBCAM/14"")(GRADE B)","Pre-Owned Laptops Grade B",12000
QCNBBG00226,"DELL LATITUDE E5420(CORE I5 2430M 2.40GHZ/2GB/250GB/NO WEBCAM/14""/WIN-10 HOME)(GRADE B)","Pre-Owned Laptops Grade B",13250
QCNBBG00307,"DELL LATITUDE E5420(CORE I5 2430M 2.40GHZ/2GB/320GB/NO WEBCAM/14""/WIN-10 HOME)(GRADE B)","Pre-Owned Laptops Grade B",13250
QCNBBG00306,"DELL LATITUDE E5420(CORE I5 2430M 2.40GHZ/4GB/250GB/NO WEBCAM/14""/WIN-10 HOME)(GRADE B)","Pre-Owned Laptops Grade B",13250
QCNBBG00273,"DELL LATITUDE E5420(CORE I5 2430M 2.40GHZ/4GB/320GB/NO WEBCAM/14""/WIN-10 HOME)(GRADE B)","Pre-Owned Laptops Grade B",13250
QCNBBG00229,"DELL LATITUDE E5520(CORE I7 2620M 2.70GHZ/8GB/500GB/WEBCAM/15.6""/WIN-10 HOME)(GRADE B)","Pre-Owned Laptops Grade B",23500
QCNBB002325,"DELL LATITUDE E6320(CORE I5 2520M 2.50GHZ/4GB/320GB/NO WEBCAM/14""/WIN-10 HOME)(GRADE B)","Pre-Owned Laptops Grade B",13250
QCNBBG00274,"DELL LATITUDE E6320(CORE I5 2540M 2.60GHZ/4GB/250GB/NO WEBCAM/14""/WIN-10 HOME)(GRADE B)","Pre-Owned Laptops Grade B",13250
QCNBBG00156,"DELL LATITUDE E6320(CORE I7 2620M 2.70GHZ/4GB/250GB/NO WEBCAM/14""/9 CELL BATTERY)(GRADE B)","Pre-Owned Laptops Grade B",20750
QCNBBG00308,"DELL LATITUDE E6320(CORE I7 2620M 2.70GHZ/4GB/250GB/WEBCAM/14""/WIN-10 HOME)(GRADE B)","Pre-Owned Laptops Grade B",22000
QCNBBG00298,"DELL LATITUDE E6410(CORE I5 M520 2.40GHZ/4GB/160GB/NO WEBCAM/14""/WIN-10 HOME)(GRADE B)","Pre-Owned Laptops Grade B",12750
QCNBBG00234,"DELL LATITUDE E6410(CORE I5 M560 2.67GHZ/4GB/250GB/NO WEBCAM/14""/WIN-10 HOME)(GRADE B)","Pre-Owned Laptops Grade B",12750
QCNBBG00235,"DELL LATITUDE E6410(CORE I5 M560 2.67GHZ/4GB/320GB/NO WEBCAM/14""/WIN-10 HOME)(GRADE B)","Pre-Owned Laptops Grade B",12750
QCNBBG00167,"DELL LATITUDE E6410(CORE I7 M620 2.67GHZ/4GB/250GB/WEBCAM/14"")(GRADE B)","Pre-Owned Laptops Grade B",19750
QCNBBG00236,"DELL LATITUDE E6420(CORE I5 2540M 2.60GHZ/4GB/250GB/NO WEBCAM/14""/WIN-10 HOME)","Pre-Owned Laptops Grade B",13500
QCNBBG00238,"DELL LATITUDE E6420(CORE I5 2540M 2.60GHZ/4GB/320GB/NO WEBCAM/14""/WIN-10 HOME)(GRADE B)","Pre-Owned Laptops Grade B",13500
QCNBBG00278,"DELL LATITUDE E6420(CORE I7 2520M 2.50GHZ/4GB/320GB/NO WEBCAM/14""/WIN-10 HOME)(GRADE B)","Pre-Owned Laptops Grade B",22000
QCNBBG00294,"DELL LATITUDE E6420(CORE I7 2620M 2.70GHZ/4GB/250GB/NO WEBCAM/14""/WIN-10 HOME)(GRADE B)","Pre-Owned Laptops Grade B",22000
QCNBBG00277,"DELL LATITUDE E6420(CORE I7 2640M 2.80GHZ/4GB/250GB/WEBCAM/14""/WIN-10 HOME)(GRADE B)","Pre-Owned Laptops Grade B",22000
QCNBBG00249,"DELL LATITUDE E6420(CORE I7 2640M 2.80GHZ/4GB/320GB/WEBCAM/14""/WIN-10 HOME)(GRADE B)","Pre-Owned Laptops Grade B",22000
QCNBBG00309,"DELL LATITUDE E6420(CORE I7 2640M 2.80GHZ/4GB/500GB/NO WEBCAM/14''/WIN-10 HOME)(GRADE B)","Pre-Owned Laptops Grade B",22500
QCNBBG00241,"DELL LATITUDE E6430(CORE I5 3320M 2.60GHZ/4GB/250GB/WEBCAM/14""/WIN-10 HOME)(GRADE B)","Pre-Owned Laptops Grade B",14250
QCNBBG00242,"DELL LATITUDE E6430(CORE I5 3320M 2.60GHZ/4GB/320GB/WEBCAM/14""/WIN-10 HOME)(GRADE B)","Pre-Owned Laptops Grade B",14250
QCNBBG00243,"DELL LATITUDE E6430(CORE I7 3720M 2.60GHZ/4GB/320GB/NO WEBCAM/14""/WIN-10 HOME)(GRADE B)","Pre-Owned Laptops Grade B",23000
QCNBBG00279,"DELL LATITUDE E6430(CORE I7 3740M 2.70GHZ/4GB/320GB/WEBCAM/14""/WIN-10 HOME)(GRADE B)","Pre-Owned Laptops Grade B",23000
QCNBBG00246,"DELL LATITUDE E6510(CORE I5 M560 2.67GHZ/4GB/250GB/NO WEBCAM/15.6""/WIN-10 HOME)(GRADE B)","Pre-Owned Laptops Grade B",13250
QCNBBG00287,"DELL LATITUDE E6530(CORE I7 3520QM 2.90GHZ/8GB/500GB/NO WEBCAM/15.6""/WIN-10 HOME)(GRADE B)","Pre-Owned Laptops Grade B",24000
QCNBBG00288,"DELL LATITUDE E6530(CORE I7 3740QM 2.70GHZ/4GB/500GB/WEBCAM/15.6""/WIN-10 HOME)(GRADE B)","Pre-Owned Laptops Grade B",24000
QCNBBG00286,"DELL LATITUDE E6530(CORE I7 3740QM 2.70GHZ/8GB/500GB/WEBCAM/15.6""/WIN-10 HOME)(GRADE B)","Pre-Owned Laptops Grade B",24500
QCNBBG00025,"DELL LATITUDE E7440(CORE I7 4600U 2.10GHZ/8GB/240GB SSD/WEBCAM/14"" TOUCH)(GRADE B)","Pre-Owned Laptops Grade B",26750
QCNBBG00247,"DELL LATITUDE E7440(CORE I7 4600U 2.10GHZ/8GB/256GB SSD/WEBCAM/14"" TOUCH/WIN-10 HOME)(GRADE B)","Pre-Owned Laptops Grade B",28000
QCNBBG00019,"DELL LATITUDE E7440(CORE I7 4600U 2.10GHZ/8GB/512GB SSD/WEB CAM/14"" TOUCH)(GRADE B)","Pre-Owned Laptops Grade B",32000
QCNBBG00248,"DELL LATITUDE E7440(CORE I7 4600U 2.10GHZ/8GB/512GB SSD/WEBCAM/14"" TOUCH/WIN-10 HOME)","Pre-Owned Laptops Grade B",30000
QCNBBG00254,"DELL PRECISION M4600(CORE I7 2640M 2.80GHZ/4GB/320GB/NO WEBCAM/15.6''/WIN-10 HOME)(GRADE B)","Pre-Owned Laptops Grade B",22000
QCNBB002303,"DELL STUDIO 1457(CORE I7 Q720 1.60GHZ/4GB/500GB/WEBCAM/15.6"")(GRADE B)","Pre-Owned Laptops Grade B",25000
QCNBBG00216,"HP ELITEBOOK 840 G1(CORE I7 4600U 2.10GHZ/8GB/240GB SSD/WEBCAM/14"" TOUCH/WIN-10 HOME)(GRADE B)","Pre-Owned Laptops Grade B",28000
QCNBBG00215,"HP ELITEBOOK 840 G1(CORE I7 4600U 2.10GHZ/8GB/256GB SSD/WEBCAM/14"" TOUCH/WIN-10 HOME)(GRADE B)","Pre-Owned Laptops Grade B",28000
QCNBBG00190,"HP ELITEBOOK 840 G1(CORE I7 4600U 2.10GHZ/8GB/320GB/WEBCAM/TOUCH/14"")(GRADE B)","Pre-Owned Laptops Grade B",30000
QCNBBG00214,"HP ELITEBOOK 840 G1(CORE I7 4600U 2.10GHZ/8GB/512GB SSD/WEBCAM/14"" TOUCH/WIN-10 HOME)(GRADE B)","Pre-Owned Laptops Grade B",30000
QCNBBG00071,"HP ELITEBOOK 840 G1(CORE I7 4600U 2.1GHZ/8GB/240GB SSD/WEB CAM/14"" TOUCH)(GRADE B)","Pre-Owned Laptops Grade B",26750
QCNBBG00020,"HP ELITEBOOK 840 G2(CORE I7 5600U 2.10GHZ/8GB/512GB SSD/WEB CAM/14'' TOUCH)(GRADE B)","Pre-Owned Laptops Grade B",32250
QCNBBG00217,"HP ELITEBOOK 840 G2(CORE I7 5600U 2.60GHZ/8GB/512GB SSD/WEBCAM/14"" TOUCH/WIN-10 HOME)","Pre-Owned Laptops Grade B",33500
QCNBBG00108,"HP ELITEBOOK 8560W(CORE I7 2620M 2.70GHZ/4GB/320GB/NO WEBCAM/15.6"")(GRADE B)","Pre-Owned Laptops Grade B",26500
QCNBB002321,"HP PAVILION DV6(CORE I7 2630M 2.00GHZ/4GB/640GB/WEBCAM/15.6""/WIN-10 HOME)(GRADE B)","Pre-Owned Laptops Grade B",23000
QCNBBG00253,"HP PAVILION DV6(CORE I7 Q720 1.60GHZ/6GB/500GB/WEBCAM/15.6""/WIN-10 HOME)(GRADE B)","Pre-Owned Laptops Grade B",22500
QCNBBG00318,"HP PROBOOK 4430S(CORE I7 2620M 2.70GHZ/2GB/500GB/WEBCAM/14""/WIN-10 HOME)(GRADE B)","Pre-Owned Laptops Grade B",22000
QCNBBG00066,"HP SPECTRE PRO X360 G1(CORE I7 5600U 2.60GHZ/8GB/512GB SSD/WEBCAM/13.3"" TOUCH/WIN-10 HOME)","Pre-Owned Laptops Grade B",50000
QCNBBG00082,"HP SPECTRE PRO X360 G2(CORE I7 6600U 2.60GHZ/8GB/512GB SSD/WEBCAM/13.3"" TOUCH/WIN-10 HOME)(GRADE B)","Pre-Owned Laptops Grade B",55000
QCNBB002153,"LENOVO T420(CORE I7 2620M 2.70GHZ/4GB/320GB/WEBCAM/14"")(Grade B)R8-VV60E","Pre-Owned Laptops Grade B",20750
QCNBB002165,"LENOVO T420(CORE I7 2620M 2.70GHZ/4GB/320GB/WEBCAM/14"")(Grade B)R8-VV61X","Pre-Owned Laptops Grade B",20750
QCNBB002154,"LENOVO T420(CORE I7 2620M 2.70GHZ/4GB/320GB/WEBCAM/14"")(Grade B)R8-VV66A","Pre-Owned Laptops Grade B",20750
QCNBB002156,"LENOVO T420(CORE I7 2620M 2.70GHZ/4GB/320GB/WEBCAM/14"")(Grade B)R8-VV67M","Pre-Owned Laptops Grade B",20750
QCNBBG00163,"LENOVO THINKPAD L412(CORE I5 M430 2.27GHZ/4GB/250GB/NO WEBCAM/14"")(GRADE B)","Pre-Owned Laptops Grade B",11500
QCNBBG00313,"LENOVO THINKPAD L412(CORE I5 M450 2.40GHZ/2GB/320GB/NO WEBCAM/14""/WIN-10 HOME)(GRADE B)","Pre-Owned Laptops Grade B",12750
QCNBBG00256,"LENOVO THINKPAD L412(CORE I5 M450 2.40GHZ/4GB/320GB/NO WEBCAM/14""/WIN-10 HOME)(GRADE B)","Pre-Owned Laptops Grade B",12750
QCNBBG00168,"LENOVO THINKPAD L412(CORE I5 M520 2.40GHZ/2GB/250GB/NO WEBCAM/14"")(GRADE B)","Pre-Owned Laptops Grade B",11500
QCNBBG00312,"LENOVO THINKPAD L412(CORE I5 M520 2.40GHZ/4GB/160GB/NO WEBCAM/14''/WIN-10 HOME)(GRADE B)","Pre-Owned Laptops Grade B",12750
QCNBBG00255,"LENOVO THINKPAD L412(CORE I5 M520 2.40GHZ/4GB/250GB/NO WEBCAM/14""/WIN-10 HOME)(GRADE B)","Pre-Owned Laptops Grade B",12750
QCNBBG00203,"LENOVO THINKPAD L420(CORE I5 2520M 2.50GHZ/4GB/160GB/NO WEBCAM/14"")(GRADE B)","Pre-Owned Laptops Grade B",11500
QCNBBG00209,"LENOVO THINKPAD L430(CORE I5 3230M 2.60GHZ/4GB/320GB/NO WEBCAM/14""/9 CELL BATTERY)(GRADE B)","Pre-Owned Laptops Grade B",13000
QCNBBG00053,"LENOVO THINKPAD T410(CORE I5 M520/2.40GHZ/4GB/320GB/NO WEBCAM/14"")(GRADE B)","Pre-Owned Laptops Grade B",11500
QCNBBG00261,"LENOVO THINKPAD T410(CORE I5 M540 2.53GHZ/4GB/320GB/NO WEBCAM/14""/WIN-10 HOME)(GRADE B)","Pre-Owned Laptops Grade B",12750
QCNBBG00281,"LENOVO THINKPAD T420(CORE I5 2520M 2.50GHZ/4GB/320GB/NO WEBCAM/14""/WIN-10 HOME)(GRADE B)","Pre-Owned Laptops Grade B",13250
QCNBBG00187,"LENOVO THINKPAD T420(CORE I7 2620M 2.70GHZ/4GB/320GB/WEBCAM/14"")(GRADE B)","Pre-Owned Laptops Grade B",26500
QCNBBG00283,"LENOVO THINKPAD T420(CORE I7 2620M 2.70GHZ/4GB/320GB/WEBCAM/14""/WIN-10 HOME)(GRADE B)","Pre-Owned Laptops Grade B",22000
QCNBBG00195,"LENOVO THINKPAD T420(CORE I7 2640M 2.80GHZ/4GB/500GB/WEBCAM/14"")(GRADE B)","Pre-Owned Laptops Grade B",27000
QCNBBG00003,"LENOVO THINKPAD T430(CORE I5 3320M 2.60GHZ/4GB/320GB/NO WEBCAM/14"")(GRADE B)","Pre-Owned Laptops Grade B",13000
QCNBBG00186,"LENOVO THINKPAD T430(CORE I5 3320M 2.60GHZ/8GB/320GB/NO WEBCAM/14"")(GRADE B)","Pre-Owned Laptops Grade B",14000
QCNBBG00289,"LENOVO THINKPAD T430(CORE I7 3320M 2.60GHZ/8GB/320GB/WEBCAM/14""/WIN-10 HOME)(GRADE B)","Pre-Owned Laptops Grade B",24000
QCNBBG00207,"LENOVO THINKPAD T440p(CORE I5 4300M 2.60GHZ/4GB/500GB/WEBCAM/14"")(GRADE B)","Pre-Owned Laptops Grade B",18000
QCNBBG00208,"LENOVO THINKPAD W530(CORE I7 3740QM 2.70GHZ/8GB/500GB/WEBCAM/15.6""/9 CELL BATTERY)(GRADE B)","Pre-Owned Laptops Grade B",28500
QCNBB002317,"LENOVO THINKPAD X201(CORE I5 M560 2.67GHZ/2GB/160GB/WEBCAM/12.1"")(GRADE B)","Pre-Owned Laptops Grade B",11000
QCNBBG00322,"LENOVO THINKPAD X230(CORE I5 3320M 2.60GHZ/4GB/240GB SSD/NO WEBCAM/12.5''/WIN-10 HOME)(GRADE B)","Pre-Owned Laptops Grade B",14250
QCNBBG00300,"LENOVO THINKPAD X240(CORE I5 4300U 1.90GHZ/4GB/250GB/WEBCAM/12.5""/WIN-10 HOME)(GRADE B)","Pre-Owned Laptops Grade B",16000
QCNBBG00293,"LENOVO THINKPAD X240(CORE I5 4300U 1.90GHZ/8GB/500GB/NO WEBCAM/12.5""/WIN-10 HOME)(GRADE B)","Pre-Owned Laptops Grade B",17500
QCNBBG00240,"LENOVO THINKPAD X240(CORE I5 4300U 1.90GHZ/8GB/500GB/WEBCAM/12.5""/WIN-10 HOME)","Pre-Owned Laptops Grade B",17500
QCNBBG00325,"LENOVO THINKPAD X250(CORE I5 5300U 2.30GHZ/8GB/500GB/WEBCAM/12.5""/WIN-10 HOME)(GRADE B)","Pre-Owned Laptops Grade B",21000
QCNBAG00494,"DELL LATITUDE E5420(CORE I5 2430M 2.40GHz/2GB/250GB/NO WEBCAM/14"")5NP28R1","Pre-Owned Laptops",12000
QCNBAG00506,"DELL LATITUDE-6420(CORE I7 2640M 2.80GHZ/4GB/320GB/WEBCAM/14"")BY70MV1","Pre-Owned Laptops",20750
QCNBAG00696,"HP ELITEBOOK 840 G2(CORE I7 5600U 2.60GHZ/8GB/512GB SSD/WEBCAM/14''TOUCH)","Pre-Owned Laptops",33250
QCNBA000327,"IBM-R51 (INTEL PENTUM M PROCESSOR 1.50GHZ/RAM-246MB/HDD-37GB/NO WEBCAM/14"")","Pre-Owned Laptops",5000
QCNBA000288,"Lenovo ThinkPad L420 (CORE I5 2520M 2.50GHZ/4GB/320GB/WEBCAM/14"")","Pre-Owned Laptops",12000
QCNBAG00702,"LENOVO THINKPAD X250(CORE I7 5600 2.60GHZ/4GB/1TB/WEB CAM/12.5"")","Pre-Owned Laptops",30250
QCDTAG00067,"DELL OPTIPLEX 330(DT)(CORE 2 DUO E7400 2.80GHZ/2GB/160GB/NO DVD)","Pre-Owned Desktops",4500
QCDTAG00065,"DELL OPTIPLEX 360(DT)(CORE 2 DUO E7500 2.93GHZ/2GB/160GB/NO DVD)","Pre-Owned Desktops",4500
QCDTAG00066,"DELL OPTIPLEX 380(DT)(CORE 2 DUO E7500 2.93GHZ/2GB/160GB/NO DVD)","Pre-Owned Desktops",4500
QCDTAG00058,"DELL OPTIPLEX 745(DT)(CORE 2 DUO 6300 1.86GHZ/2GB/160GB)","Pre-Owned Desktops",4500
QCDTAG00059,"DELL OPTIPLEX 745(MT)(CORE 2 DUO 6300 1.86GHZ/2GB/160GB/NO DVD)","Pre-Owned Desktops",4500
QCDTAG00068,"DELL OPTIPLEX 755(DT)(CORE 2 DUO E6550 2.33GHZ/2GB/160GB/NO DVD)","Pre-Owned Desktops",4500
QCDTAG00011,"DELL OPTIPLEX 780 (CORE 2 DUO E6750 2.66GHZ/2GB DDR3/320GB/NO DVD)","Pre-Owned Desktops",5000
QCPDT000030,"DELL OPTIPLEX 780 (CORE 2 DUO E7500 2.93GHZ/2GB DDR3/250GB/NO DVD)","Pre-Owned Desktops",4500
QCDTAG00012,"DELL OPTIPLEX 780 (CORE 2 DUO E7500 2.93GHZ/2GB DDR3/320GB/DVD)","Pre-Owned Desktops",5900
QCDTAG00013,"DELL OPTIPLEX 780 (CORE 2 DUO E7500 2.93GHZ/2GB DDR3/80GB/DVD)","Pre-Owned Desktops",5600
QCDTAG00015,"DELL OPTIPLEX 780 (CORE 2 DUO E8400 3.00GHZ/2GB DDR3/320GB/NO DVD/DVI CARD)","Pre-Owned Desktops",5900
QCDTAG00088,"DELL OPTIPLEX 780(SFF)(CORE 2 DUO E7500 2.93GHZ/2GB DDR3/80GB/DVD)","Pre-Owned Desktops",4500
QCDTAG00016,"DELL OPTIPLEX 790 (CORE I5 2400 3.10GHZ/4GB/250GB/NO DVD)","Pre-Owned Desktops",11350
QCDTAG00017,"DELL OPTIPLEX 790 (CORE I5 2400 3.10GHZ/4GB/500GB/NO DVD)","Pre-Owned Desktops",10700
QCDTAG00082,"HCL INFINITI PRO BL 1280(CORE 2 DUO E7500 2.93GHZ/2GB/160GB/NO DVD)","Pre-Owned Desktops",4500
QCDTAG00039,"HP COMPAQ 6000 PRO SFF (CORE 2 DUO E7500 2.90GHZ/2GB DDR3/160GB/NO DVD)","Pre-Owned Desktops",5800
QCDTAG00041,"HP COMPAQ 6000 PRO SFF (CORE 2 DUO E7500 2.90GHZ/2GB DDR3/80GB/NO DVD)","Pre-Owned Desktops",5600
QCPDT000034,"HP COMPAQ 6000 PRO SFF (CORE 2 DUO E7500 2.93GHZ/2GB DDR3/320GB/NO DVD)","Pre-Owned Desktops",5000
QCDTAG00020,"HP COMPAQ 6000 PRO SFF (CORE 2 DUO E7500 2.93GHZ/2GB/160GB/NO DVD)","Pre-Owned Desktops",5700
QCDTAG00022,"HP COMPAQ 6000 PRO SFF (CORE 2 DUO E7500 2.93GHZ/2GB/80GB/NO DVD)","Pre-Owned Desktops",5700
QCDTAG00050,"HP COMPAQ 6005 PRO SFF (AMD ATHLON II X2 B28/NO RAM/NO HDD/NO DVD)","Pre-Owned Desktops",2850
QCDTAG00057,"HP COMPAQ 6005 PRO SFF (AMD ATHLON X4 B95 2.00GHZ/2GB DDR3/160GB HDD/NO DVD)","Pre-Owned Desktops",4000
QCDTAG00042,"HP COMPAQ 6305 PRO SFF (AMD A6-5400B 3.60GHZ/2GB DDR3/160GB/NO DVD)","Pre-Owned Desktops",4800
QCPDT000037,"HP COMPAQ 6305 PRO SFF (AMD A6-5400B 3.60GHZ/2GB DDR3/250GB/NO DVD)","Pre-Owned Desktops",4800
QCDTAG00044,"HP COMPAQ 6305 PRO SFF (AMD A6-5400B 3.60GHZ/2GB DDR3/320GB/NO DVD)","Pre-Owned Desktops",4800
QCDTAG00045,"HP COMPAQ 6305 PRO SFF (AMD A6-5400B 3.60GHZ/2GB DDR3/500GB/NO DVD)","Pre-Owned Desktops",5300
QCDTAG00047,"HP COMPAQ 6305 PRO SFF (AMD A6-5400B 3.60GHZ/2GB DDR3/80GB/NO DVD)","Pre-Owned Desktops",4600
QCDTAG00043,"HP COMPAQ 6305 PRO SFF (AMD A6-5400B 3.60GHZ/3GB DDR3/250GB/NO DVD)","Pre-Owned Desktops",4800
QCDTAG00046,"HP COMPAQ 6305 PRO SFF (AMD A6-5400B 3.60GHZ/4GB DDR3/80GB/NO DVD)","Pre-Owned Desktops",4600
QCDTAG00051,"HP COMPAQ 6305 PRO SFF (AMD PHENOM 3.00GHZ/NO RAM/NO HDD/NO DVD)","Pre-Owned Desktops",2850
QCDTAG00083,"HP COMPAQ 8100 ELITE (MT)(CORE I5 650 3.20GHZ/2GB/500GB/DVD)","Pre-Owned Desktops",9700
QCDTAG00084,"HP COMPAQ 8100 ELITE (MT)(CORE I5 650 3.20GHZ/4GB/250GB/DVD)","Pre-Owned Desktops",10200
QCDTAG00018,"HP COMPAQ 8100 ELITE (MT)(CORE I5 650 3.20GHZ/4GB/320GB/DVD)","Pre-Owned Desktops",10200
QCDTAG00019,"HP COMPAQ 8100 ELITE (MT)(CORE I5 650 3.20GHZ/4GB/500GB/DVD)","Pre-Owned Desktops",10200
QCPDT000033,"HP COMPAQ 8100 ELITE TOWER (CORE I5 1ST GEN /4GB DDR3/250GB/DVD)","Pre-Owned Desktops",10700
QCDTAG00053,"HP COMPAQ BUSINESS DC7700P SFF (CORE 2 DUO 6400 2.13GHZ/2GB DDR2/160GB/DVD)","Pre-Owned Desktops",4500
QCDTAG00055,"HP COMPAQ BUSINESS DC7700P SFF (CORE 2 DUO 6400 2.13GHZ/2GB DDR2/320GB/DVD)","Pre-Owned Desktops",5000
QCDTAG00060,"HP COMPAQ DC7800P(MT)(CORE 2 DUO 6550 2.33GHZ/2GB/160GB/DVD)","Pre-Owned Desktops",4500
QCDTAG00085,"HP COMPAQ DX2080 (MT)(CORE 2 DUO 6400 2.13GHZ/2GB/160GB/NO DVD)","Pre-Owned Desktops",4500
QCDTAG00009,"HP COMPAQ PRO 6305 SFF (AMD A6-5400B/2GB DDR3 RAM/500GB HDD/NO DVD)","Pre-Owned Desktops",5200
QCDTAG00086,"HP PRO 3090(MT)(CORE 2 DUO E7500 2.93GHZ/2GB/160GB/NO DVD)","Pre-Owned Desktops",4500
QCDTAG00061,"LENOVO THINKCENTRE A52 (MT)(CORE 2 DUO E7500 2.93GHZ/2GB/160GB/NO DVD)","Pre-Owned Desktops",4500
QCDTAG00090,"LENOVO THINKCENTRE A57 (MT)(CORE 2 DUO E7200 2.53GHZ/2GB/160GB/DVD)","Pre-Owned Desktops",4500
QCDTAG00048,"LENOVO THINKCENTRE D25 (CORE 2 DUO E7500 2.93GHZ/2GB DDR2/160GB/DVD)","Pre-Owned Desktops",5800
QCDTAG00049,"LENOVO THINKCENTRE D25 (CORE 2 DUO E7500 2.93GHZ/3GB DDR2/160GB/DVD)","Pre-Owned Desktops",5800
QCDTAG00004,"LENOVO THINKCENTRE D25 (CORE 2 DUO E8400 3.00GHZ/2GB DDR2/250GB/DVD)","Pre-Owned Desktops",5800
QCPDT000025,"LENOVO THINKCENTRE D85(CORE I5 2NDGEN/3.10GHZ/4GB DDR3 RAM/500GB HDD/DVD)","Pre-Owned Desktops",12700
QCDTAG00063,"LENOVO THINKCENTRE M55(8808) SFF(CORE 2 DUO 6300 1.86GHZ/2GB/160GB)","Pre-Owned Desktops",4500
QCDTAG00064,"LENOVO THINKCENTRE M55(8808) SFF(CORE 2 DUO 6300 1.86GHZ/2GB/250GB/DVD)","Pre-Owned Desktops",4500
QCDTAG00035,"LENOVO THINKCENTRE M57 (9172)(CORE 2 DUO E6550 2.33GHZ/2GB/160GB/DVD)","Pre-Owned Desktops",4500
QCDTAG00036,"LENOVO THINKCENTRE M57 (9172)(CORE 2 DUO E6550 2.33GHZ/2GB/80GB/DVD)","Pre-Owned Desktops",5800
QCDTAG00062,"LENOVO THINKCENTRE M57E(9481) SFF(CORE 2 DUO E4600 2.40GHZ/2GB/160GB/NO DVD)","Pre-Owned Desktops",4500
QCDTAG00023,"LENOVO THINKCENTRE M58 (6258)(CORE 2 DUO E7500 2.93GHZ/2GB DDR3/160GB/DVD)","Pre-Owned Desktops",4500
QCDTAG00024,"LENOVO THINKCENTRE M58 (6258)(CORE 2 DUO E7500 2.93GHZ/2GB DDR3/250GB/DVD)","Pre-Owned Desktops",4500
QCDTAG00025,"LENOVO THINKCENTRE M58 (6258)(CORE 2 DUO E7500 2.93GHZ/2GB DDR3/320GB/DVD)","Pre-Owned Desktops",5700
QCDTAG00038,"LENOVO THINKCENTRE M58 (6258)(CORE 2 DUO E7500 2.93GHZ/2GB DDR3/500GB/DVD)","Pre-Owned Desktops",6300
QCDTAG00026,"LENOVO THINKCENTRE M58 (6258)(CORE 2 DUO E7500 2.93GHZ/3GB DDR3/160GB/DVD)","Pre-Owned Desktops",5800
QCDTAG00028,"LENOVO THINKCENTRE M58 (6258)(CORE 2 DUO E7500 2.93GHZ/4GB DDR3/160GB/DVD)","Pre-Owned Desktops",5800
QCDTAG00052,"LENOVO THINKCENTRE M81 (0385)(CORE I5 2400 3.10GHZ/4GB DDR3 RAM/500GB HDD/DVD)","Pre-Owned Desktops",11900
QCDTAG00030,"LENOVO THINKCENTRE M81 (0385)(CORE I5 2400/3.10GHZ/3GB DDR3 RAM/320GB HDD/DVD)","Pre-Owned Desktops",11700
QCDTAG00031,"LENOVO THINKCENTRE M81 (0385)(CORE I5 2400/3.10GHZ/3GB DDR3 RAM/500GB HDD/DVD)","Pre-Owned Desktops",12200
QCDTAG00032,"LENOVO THINKCENTRE M81 (0385)(CORE I5 2400/3.10GHZ/4GB DDR3 RAM/320GB HDD/DVD)","Pre-Owned Desktops",11900
QCPDT000026,"LENOVO THINKCENTRE M83 SFF(CORE I5 4670/3.40GHZ/4GB DDR3/500GB/DVD)","Pre-Owned Desktops",16200
REFDE00204,"DELL REFURBISHED ALIENWARE 17 R3/ 6th Gen Ci7-6700HQ/ 16GB/ 1TB/ 4GB/ WIN 10/ 17.3-Inch FHD","Brand Refurbished Laptops",128000
REFDE00007,"DELL REFURBISHED INSPIRON 11 3137/ Celeron 2955U/ 2GB/ 500GB/ INT/ WIN 10/ 11.6-Inch Touch","Brand Refurbished Laptops",19700
REFDE00019,"DELL REFURBISHED INSPIRON 13 5378/ 7th Gen Ci5-7200U/ 8GB/ 1TB/ INT/ WIN 10/ 13.3-Inch FHD Touch","Brand Refurbished Laptops",48400
REFDE00210,"DELL REFURBISHED INSPIRON 13 7350/ 5th Gen Ci5-5200U/ 8GB/ 500GB/ INT/ WIN 10/ 13.3-Inch FHD Touch","Brand Refurbished Laptops",48100
REFDE00052,"DELL REFURBISHED INSPIRON 15 3543/ 5th Gen Ci5-5200U/ 4GB/ 1TB/ 2GB/ WIN 8.1/ 15.6-Inch Touch","Brand Refurbished Laptops",44000
REFDE00086,"DELL REFURBISHED INSPIRON 15 5547/ 4th Gen Ci5-4210U/ 4GB/ 500GB/ 2GB/ WIN 10/ 15.6-Inch Touch","Brand Refurbished Laptops",43500
REFDE00091,"DELL REFURBISHED INSPIRON 15 5555/ AMD A10-8700P/ 8GB/ 1TB/ INT/ WIN 10/ 15.6-Inch","Brand Refurbished Laptops",33200
REFDE00098,"DELL REFURBISHED INSPIRON 15 5558/ 5th Gen Ci5-5200U/ 8GB/ 1TB/ 2GB/ WIN 10/ 15.6-Inch","Brand Refurbished Laptops",45000
REFDE00100,"DELL REFURBISHED INSPIRON 15 5558/ 5th Gen Ci5-5200U/ 8GB/ 1TB/ 4GB/ WIN 10/ 15.6-Inch FHD","Brand Refurbished Laptops",46300
REFDE00225,"DELL REFURBISHED INSPIRON 15 5558/ 5th Gen Ci7-5500U/ 8GB/ 1TB/ 4GB/ WIN 8.1/ 15.6-Inch","Brand Refurbished Laptops",62400
REFDE00111,"DELL REFURBISHED INSPIRON 15 5559(Core I7 6500U 2.50GHz/4GB/1TB/WIN 10/15.6"")","Brand Refurbished Laptops",61000
REFDE00108,"DELL REFURBISHED INSPIRON 15 5559/ 6th Gen Ci5-6200U/ 8GB/ 1TB/ 2GB/ WIN 10/ 15.6-Inch","Brand Refurbished Laptops",45300
REFDE00109,"DELL REFURBISHED INSPIRON 15 5559/ 6th Gen Ci5-6200U/ 8GB/ 1TB/ 4GB/ WIN 10/ 15.6-Inch FHD","Brand Refurbished Laptops",46000
REFDE00289,"DELL REFURBISHED INSPIRON 15 5565 ( AMD A9-9400/ 4GB/ 1TB/ 2GB/ WIN 10/ 15.6-inch)","Brand Refurbished Laptops",33500
REFDE00113,"DELL REFURBISHED INSPIRON 15 5567(7th Gen CI5 7200U 3.10GHz/4GB/1TB/WIN 10/ 15.6"" FHD)","Brand Refurbished Laptops",45000
REFDE00117,"Dell Refurbished Inspiron 15 5567/ 7th Gen Ci7-7500U/ 16GB/ 2TB/ 4GB/ Win 10/ 15.6-Inch FHD","Brand Refurbished Laptops",64400
REFDE00121,"DELL REFURBISHED INSPIRON 15 5578/ 7th Gen Ci3-7100U/ 4GB/ 1TB/ INT/ WIN 10/ 15.6-Inch FHD Touch","Brand Refurbished Laptops",40000
REFDE00310,"DELL REFURBISHED INSPIRON 15 7548 (5th Gen Ci5-5200U/ 8GB/ 1TB/ 4GB/ WIN 10/ 15.6-INCH  Touch)","Brand Refurbished Laptops",48800
REFDE00126,"DELL REFURBISHED INSPIRON 15 7548/ 5th Gen Ci7-5500U/ 16GB/ 256GB SSD/ 4GB/ WIN 10/ 15.6-Inch 4K UHD Touch","Brand Refurbished Laptops",97000
REFDE00228,"DELL REFURBISHED INSPIRON 15 7559/ 6th Gen Ci7-6700HQ/ 8GB/ 1TB/ 4GB/ WIN 10/ 15.6-Inch FHD","Brand Refurbished Laptops",71900
REFDE00137,"DELL REFURBISHED INSPIRON 15R 5537/ 4th Gen Ci7-4500U/ 8GB/ 1TB/ 2GB/ WIN 8.1/ 15.6-Inch Touch","Brand Refurbished Laptops",60000
REFDE00197,"DELL REFURBISHED XPS 1200/ 4th Gen Ci5-4210U/ 4GB/ 128GB SSD/ INT/ WIN 8.1/ 12.5-Inch FHD Touch","Brand Refurbished Laptops",68000
REFDE00198,"DELL REFURBISHED XPS 13 9343/ 5th Gen Ci5-5200U/ 8GB/ 256GB SSD/ INT/ WIN 10/ 13.3-Inch QHD Touch","Brand Refurbished Laptops",69000
REFDE00381,"DELL REFURBISHED XPS 13 9360 (8TH GEN CI5-8250U / 8GB DDR3 / 256GB NVME M.2 SSD / INTEL HD GRPH / WIN10HM / 13.3-INCH FHD) NON-TOUCH","Brand Refurbished Laptops",71000
REFDE00202,"DELL REFURBISHED XPS 13 9360/ 7th Gen Ci5-7200U/ 8GB/ 256GB SSD/ INT/ WIN 10/ 13.3-Inch FHD","Brand Refurbished Laptops",70000
REFDE00335,"DELL REFURBISHED XPS 13 9365/ 7TH GEN CI7-7Y75/ 16GB/ 512GB SSD/ INT/ WIN 10/ 13.3-INCH QHD TOUCH","Brand Refurbished Laptops",120000
REFDE00323,"DELL REFURBISHED XPS 13 L321X/2NDGEN-CI5/4GB/128GB SSD/INT/WIN 7/13.3""","Brand Refurbished Laptops",67000
REFDE00390,"DELL REFURBISHED INSPIRON DT 20 AIO 3052 (PENTIUM J3710 / 4GB DDR3 / 1TB / INT GRPH / WIN10HM / 19.5-INCH HD+ ) NON-TOUCH","Brand Refurbished Desktops",28000
REFDE00312,"DELL REFURBISHED INSPIRON DT 3250( 6th Gen Ci5-6400/ 4GB/ 1TB/ 2GB/ WIN 10/ Display Not Included)","Brand Refurbished Desktops",38000
REFDE00355,"DELL REFURBISHED INSPIRON DT 3250(PDC-G4400/4GB/500GB/INT/NO OS)DDNYFD2","Brand Refurbished Desktops",19500
REFDE00145,"DELL REFURBISHED INSPIRON DT 3250/ 6th Gen Ci3-6100U/ 4GB/ 1TB/ INT/ NO OS/ Display Not Included","Brand Refurbished Desktops",23500
REFDE00146,"DELL REFURBISHED INSPIRON DT 3250/ 6th Gen Ci3-6100U/ 4GB/ 1TB/ INT/ WIN 10/ Display Not Included","Brand Refurbished Desktops",26500
REFDE00262,"DELL REFURBISHED INSPIRON DT 3268/ 7TH GEN CI3-7100U/ 4GB/ 1TB/ INT/ NO OS/ DISPLAY NOT INCLUDED","Brand Refurbished Desktops",25000
REFDE00263,"DELL REFURBISHED INSPIRON DT 3268/ PDC G4560/ 4GB/ 1TB/ INT/ NO OS/ DISPLAY NOT INCLUDED","Brand Refurbished Desktops",18000
REFDE00340,"DELL REFURBISHED INSPIRON DT 3647/ 4th Gen Ci3-4170/ 4GB/ 500GB/ 2GB/ WIN 10/ Display Not Included","Brand Refurbished Desktops",29000
REFDE00157,"DELL REFURBISHED INSPIRON DT 5459/ 6th Gen Ci5-6400/ 8GB/ 1TB/ 4GB/ WIN 10/ 23.8-Inch FHD TOUCH","Brand Refurbished Desktops",42000
REFDE00194,"DELL REFURBISHED VOSTRO DT 3250/ PDC G4400/ 4GB/ 500GB/ INT/ WIN 10/ Display Not Included","Brand Refurbished Desktops",22400
REFDE00320,"DELL REFURBISHED VOSTRO DT 3268( 7TH GEN CI3-7100U/ 4GB/ 1TB/ INT/ WIN 10/ DISPLAY NOT INCLUDED)","Brand Refurbished Desktops",26000
REFDE00277,"DELL REFURBISHED VOSTRO DT 3668/ 7TH GEN CI3-7100U/ 4GB/ 1TB/ INT/ WIN 10/ DISPLAY NOT INCLUDED","Brand Refurbished Desktops",26000
REFDE00196,"DELL REFURBISHED VOSTRO DT 3800/ 4th Gen Ci3-4170/ 4GB/ 500GB/ INT/ NO OS/ Display Not Included","Brand Refurbished Desktops",23000
NEWNBK00200,"HP 245 G5 NOTEBOOK (AMD A6-7310 4GB /500GB/DOS/14""/DVD) 1 YEAR WARRANTY","Brand New Laptops",17999
rpc_1,"rpc 1","IBM Laptops",5600
rpc_2,"rpc 2","IBM Laptops",112
FREEVOW103,"VOW V103 (Black + Silver)","Feature Phone",575
24135